Vendor_ID,Vendor_Name,Order_Date,AWB,Vendor_Remittance_ID,Order_Amount,UTR_Number
3409,Lazy Window LLP,2024-01-09,STLC8000190361,2251,999,
3409,Lazy Window LLP,2024-01-09,STLC8000192937,2251,999,
3409,Lazy Window LLP,2024-01-09,STLC8000190163,2251,999,
3409,Lazy Window LLP,2024-01-09,STLC8000192756,2251,999,
3409,Lazy Window LLP,2024-01-09,412003361831,2251,999,
3409,Lazy Window LLP,2024-01-09,STLC8000192777,2251,999,
3409,Lazy Window LLP,2024-01-09,STLC8000191495,2251,999,
3409,Lazy Window LLP,2024-01-09,STLC8000188473,2251,999,
3409,Lazy Window LLP,2024-01-09,STLC8000190556,2251,999,
3409,Lazy Window LLP,2024-01-09,STLC8000191948,2251,999,
3409,Lazy Window LLP,2024-01-09,STLC8000192176,2251,999,
3409,Lazy Window LLP,2024-01-09,STLC8000192691,2251,999,
3409,Lazy Window LLP,2024-01-09,STLC8000192058,2251,999,
3409,Lazy Window LLP,2024-01-09,STLC8000192973,2251,999,
3409,Lazy Window LLP,2024-01-09,STLC8000191745,2251,999,
3409,Lazy Window LLP,2024-01-09,STLC8000192102,2251,999,
3409,Lazy Window LLP,2024-01-09,412003361752,2251,999,
3409,Lazy Window LLP,2024-01-09,412003362663,2251,999,
3409,Lazy Window LLP,2024-01-09,STLC8000191433,2251,999,
3409,Lazy Window LLP,2024-01-09,STLC8000192383,2251,999,
3409,Lazy Window LLP,2024-01-09,14227883278671,2251,999,
3409,Lazy Window LLP,2024-01-09,STLC8000191549,2251,999,
3409,Lazy Window LLP,2024-01-09,STLC8000191619,2251,999,
3409,Lazy Window LLP,2024-01-09,STLC8000190646,2251,999,
3409,Lazy Window LLP,2024-01-09,STLC8000189990,2251,999,
3409,Lazy Window LLP,2024-01-09,412003362626,2251,999,
3409,Lazy Window LLP,2024-01-09,412003362976,2251,999,
3409,Lazy Window LLP,2024-01-09,STLC8000193134,2251,999,
3409,Lazy Window LLP,2024-01-09,STLC8000192712,2251,999,
3409,Lazy Window LLP,2024-01-09,SF910456432NIM,2251,999,
3409,Lazy Window LLP,2024-01-09,STLC8000193389,2251,999,
3409,Lazy Window LLP,2024-01-09,STLC8000193094,2251,999,
3409,Lazy Window LLP,2024-01-09,STLC8000192181,2251,999,
3409,Lazy Window LLP,2024-01-09,STLC8000192268,2251,999,
3409,Lazy Window LLP,2024-01-09,STLC8000192682,2251,999,
3409,Lazy Window LLP,2024-01-09,STLC8000190884,2251,999,
3409,Lazy Window LLP,2024-01-09,412003298845,2251,999,
3409,Lazy Window LLP,2024-01-09,STLC8000184430,2251,999,
3409,Lazy Window LLP,2024-01-09,STLC8000192152,2251,999,
3409,Lazy Window LLP,2024-01-09,412003362047,2251,999,
3409,Lazy Window LLP,2024-01-09,STLC8000192489,2251,999,
3409,Lazy Window LLP,2024-01-09,STLC8000192620,2251,999,
3409,Lazy Window LLP,2024-01-09,412003361227,2251,999,
3409,Lazy Window LLP,2024-01-09,STLC8000190801,2251,999,
3409,Lazy Window LLP,2024-01-09,412003361309,2251,999,
3409,Lazy Window LLP,2024-01-09,412003362732,2251,999,
3409,Lazy Window LLP,2024-01-09,STLC8000192721,2251,999,
3409,Lazy Window LLP,2024-01-09,STLC8000193054,2251,999,
3409,Lazy Window LLP,2024-01-09,STLC8000193176,2251,999,
3409,Lazy Window LLP,2024-01-09,STLC8000191825,2251,999,
3409,Lazy Window LLP,2024-01-09,STLC8000192815,2251,999,
3409,Lazy Window LLP,2024-01-09,412003299234,2251,999,
3409,Lazy Window LLP,2024-01-09,STLC8000192373,2251,999,
3409,Lazy Window LLP,2024-01-09,STLC8000191734,2251,999,
3409,Lazy Window LLP,2024-01-09,STLC8000192508,2251,999,
3409,Lazy Window LLP,2024-01-09,STLC8000167213,2251,999,
3409,Lazy Window LLP,2024-01-09,STLC8000193145,2251,999,
3409,Lazy Window LLP,2024-01-09,STLC8000192738,2251,999,
3409,Lazy Window LLP,2024-01-09,STLC8000191130,2251,999,
3409,Lazy Window LLP,2024-01-09,STLC8000187522,2251,999,
3409,Lazy Window LLP,2024-01-09,STLC8000191969,2251,999,
3409,Lazy Window LLP,2024-01-09,STLC8000193264,2251,999,
3409,Lazy Window LLP,2024-01-09,STLC8000192263,2251,999,
3409,Lazy Window LLP,2024-01-09,STLC8000192917,2251,999,
3409,Lazy Window LLP,2024-01-09,STLC8000191252,2251,999,
3409,Lazy Window LLP,2024-01-09,STLC8000193026,2251,999,
3409,Lazy Window LLP,2024-01-09,STLC8000193079,2251,999,
3409,Lazy Window LLP,2024-01-09,STLC8000193360,2251,999,
3409,Lazy Window LLP,2024-01-09,412003362890,2251,999,
3409,Lazy Window LLP,2024-01-09,14227883278096,2251,999,
3409,Lazy Window LLP,2024-01-09,STLC8000192296,2251,999,
3409,Lazy Window LLP,2024-01-09,STLC8000192170,2251,999,
3409,Lazy Window LLP,2024-01-09,STLC8000192248,2251,999,
3409,Lazy Window LLP,2024-01-09,STLC8000192667,2251,999,
3409,Lazy Window LLP,2024-01-09,STLC8000191719,2251,999,
3409,Lazy Window LLP,2024-01-09,STLC8000191347,2251,999,
3409,Lazy Window LLP,2024-01-09,STLC8000192969,2251,999,
3409,Lazy Window LLP,2024-01-09,STLC8000193057,2251,999,
3409,Lazy Window LLP,2024-01-09,STLC8000193056,2251,999,
3409,Lazy Window LLP,2024-01-09,412003362875,2251,999,
3409,Lazy Window LLP,2024-01-09,STLC8000189926,2251,999,
3409,Lazy Window LLP,2024-01-09,STLC8000193304,2251,999,
3409,Lazy Window LLP,2024-01-09,412003362582,2251,999,
3409,Lazy Window LLP,2024-01-09,412003362741,2251,999,
3409,Lazy Window LLP,2024-01-09,STLC8000193759,2251,999,
3409,Lazy Window LLP,2024-01-09,412003362309,2251,999,
3409,Lazy Window LLP,2024-01-09,412003362268,2251,999,
3409,Lazy Window LLP,2024-01-09,STLC8000193624,2251,999,
3409,Lazy Window LLP,2024-01-09,STLC8000193722,2251,999,
3409,Lazy Window LLP,2024-01-09,STLC8000193575,2251,999,
3409,Lazy Window LLP,2024-01-09,STLC8000192525,2251,999,
3409,Lazy Window LLP,2024-01-09,STLC8000193506,2251,999,
3409,Lazy Window LLP,2024-01-09,STLC8000192589,2251,999,
3409,Lazy Window LLP,2024-01-09,STLC8000193612,2251,999,
3409,Lazy Window LLP,2024-01-09,STLC8000190610,2251,999,
3409,Lazy Window LLP,2024-01-09,STLC8000191810,2251,999,
3409,Lazy Window LLP,2024-01-09,STLC8000186272,2251,999,
3409,Lazy Window LLP,2024-01-09,STLC8000191537,2251,999,
3409,Lazy Window LLP,2024-01-09,STLC8000193316,2251,999,
3409,Lazy Window LLP,2024-01-09,412003362679,2251,999,
3409,Lazy Window LLP,2024-01-09,STLC8000192318,2251,999,
3409,Lazy Window LLP,2024-01-09,STLC8000193949,2251,999,
3409,Lazy Window LLP,2024-01-09,STLC8000193724,2251,999,
3409,Lazy Window LLP,2024-01-09,412003362652,2251,999,
3409,Lazy Window LLP,2024-01-09,STLC8000193865,2251,999,
3409,Lazy Window LLP,2024-01-09,412003361996,2251,999,
3409,Lazy Window LLP,2024-01-09,STLC8000193053,2251,999,
3409,Lazy Window LLP,2024-01-09,STLC8000194636,2251,999,
3409,Lazy Window LLP,2024-01-09,STLC8000195136,2251,999,
3409,Lazy Window LLP,2024-01-09,STLC8000197759,2251,999,
3409,Lazy Window LLP,2024-01-09,STLC8000198156,2251,999,
3409,Lazy Window LLP,2024-01-09,STLC8000197691,2251,999,
3409,Lazy Window LLP,2024-01-09,STLC8000198154,2251,999,
3409,Lazy Window LLP,2024-01-09,412003363290,2251,999,
3409,Lazy Window LLP,2024-01-09,STLC8000185261,2251,999,
3409,Lazy Window LLP,2024-01-09,412003364334,2251,999,
3409,Lazy Window LLP,2024-01-09,STLC8000198213,2251,999,
3409,Lazy Window LLP,2024-01-09,STLC8000197922,2251,999,
3409,Lazy Window LLP,2024-01-09,STLC8000198047,2251,999,
3409,Lazy Window LLP,2024-01-09,STLC8000196496,2251,999,
3409,Lazy Window LLP,2024-01-09,412003364356,2251,999,
3409,Lazy Window LLP,2024-01-09,412003363715,2251,999,
3409,Lazy Window LLP,2024-01-09,STLC8000193771,2251,999,
3409,Lazy Window LLP,2024-01-09,STLC8000195866,2251,999,
3409,Lazy Window LLP,2024-01-09,412003364339,2251,999,
3409,Lazy Window LLP,2024-01-09,STLC8000198869,2251,999,
3409,Lazy Window LLP,2024-01-09,STLC8000198386,2251,999,
3409,Lazy Window LLP,2024-01-09,STLC8000195859,2251,999,
3409,Lazy Window LLP,2024-01-10,STLC8000199976,2251,999,
3409,Lazy Window LLP,2024-01-10,STLC8000199100,2251,999,
3409,Lazy Window LLP,2024-01-10,STLC8000200731,2251,999,
3409,Lazy Window LLP,2024-01-10,STLC8000194152,2251,999,
3409,Lazy Window LLP,2024-01-10,STLC8000199980,2251,999,
3409,Lazy Window LLP,2024-01-10,STLC8000201103,2251,999,
3409,Lazy Window LLP,2024-01-10,STLC8000198210,2251,999,
3409,Lazy Window LLP,2024-01-10,STLC8000200120,2251,999,
3409,Lazy Window LLP,2024-01-10,STLC8000199545,2251,999,
3409,Lazy Window LLP,2024-01-10,STLC8000200804,2251,999,
3409,Lazy Window LLP,2024-01-09,STLC8000199578,2251,999,
3409,Lazy Window LLP,2024-01-09,STLC8000200412,2251,999,
3409,Lazy Window LLP,2024-01-09,STLC8000200384,2251,999,
3409,Lazy Window LLP,2024-01-09,STLC8000200303,2251,999,
3409,Lazy Window LLP,2024-01-09,STLC8000200640,2251,999,
3409,Lazy Window LLP,2024-01-09,STLC8000200495,2251,999,
3409,Lazy Window LLP,2024-01-09,STLC8000198282,2251,999,
3409,Lazy Window LLP,2024-01-09,412003364136,2251,999,
3409,Lazy Window LLP,2024-01-09,STLC8000200292,2251,999,
3409,Lazy Window LLP,2024-01-09,STLC8000200672,2251,999,
3409,Lazy Window LLP,2024-01-09,STLC8000200060,2251,999,
3409,Lazy Window LLP,2024-01-09,STLC8000200484,2251,999,
3409,Lazy Window LLP,2024-01-09,STLC8000194332,2251,999,
3409,Lazy Window LLP,2024-01-09,STLC8000199974,2251,999,
3409,Lazy Window LLP,2024-01-09,STLC8000199815,2251,999,
3409,Lazy Window LLP,2024-01-09,STLC8000197241,2251,999,
3409,Lazy Window LLP,2024-01-09,STLC8000200788,2251,999,
3409,Lazy Window LLP,2024-01-09,STLC8000199260,2251,999,
3409,Lazy Window LLP,2024-01-09,412003363859,2251,999,
3409,Lazy Window LLP,2024-01-09,STLC8000200975,2251,999,
3409,Lazy Window LLP,2024-01-09,STLC8000201622,2251,999,
3409,Lazy Window LLP,2024-01-09,STLC8000199649,2251,999,
3409,Lazy Window LLP,2024-01-09,STLC8000201447,2251,999,
3409,Lazy Window LLP,2024-01-09,412003364237,2251,999,
3409,Lazy Window LLP,2024-01-09,STLC8000199473,2251,999,
3409,Lazy Window LLP,2024-01-09,412003362488,2251,999,
3409,Lazy Window LLP,2024-01-09,STLC8000199972,2251,999,
3409,Lazy Window LLP,2024-01-09,STLC8000200708,2251,999,
3409,Lazy Window LLP,2024-01-09,STLC8000197312,2251,999,
3409,Lazy Window LLP,2024-01-09,STLC8000200426,2251,999,
3409,Lazy Window LLP,2024-01-09,STLC8000198794,2251,999,
3409,Lazy Window LLP,2024-01-09,STLC8000201579,2251,999,
3409,Lazy Window LLP,2024-01-09,STLC8000194224,2251,999,
3409,Lazy Window LLP,2024-01-09,STLC8000201886,2251,999,
3409,Lazy Window LLP,2024-01-09,STLC8000200434,2251,999,
3409,Lazy Window LLP,2024-01-09,STLC8000201499,2251,999,
3409,Lazy Window LLP,2024-01-09,STLC8000201495,2251,999,
3409,Lazy Window LLP,2024-01-10,STLC8000201121,2251,999,
3409,Lazy Window LLP,2024-01-10,STLC8000200818,2251,999,
3409,Lazy Window LLP,2024-01-10,STLC8000201156,2251,999,
3409,Lazy Window LLP,2024-01-10,STLC8000187137,2251,999,
3409,Lazy Window LLP,2024-01-10,412003364240,2251,999,
3409,Lazy Window LLP,2024-01-10,412003364211,2251,999,
3409,Lazy Window LLP,2024-01-10,STLC8000199467,2251,999,
3409,Lazy Window LLP,2024-01-10,STLC8000201521,2251,999,
3409,Lazy Window LLP,2024-01-10,STLC8000200745,2251,999,
3409,Lazy Window LLP,2024-01-10,STLC8000201443,2251,999,
3409,Lazy Window LLP,2024-01-10,STLC8000201684,2251,999,
3409,Lazy Window LLP,2024-01-10,STLC8000199540,2251,999,
3409,Lazy Window LLP,2024-01-10,STLC8000201598,2251,999,
3409,Lazy Window LLP,2024-01-10,412003362044,2251,999,
3409,Lazy Window LLP,2024-01-10,STLC8000202048,2251,999,
3409,Lazy Window LLP,2024-01-10,STLC8000201964,2251,999,
3409,Lazy Window LLP,2024-01-10,STLC8000200349,2251,999,
3409,Lazy Window LLP,2024-01-10,STLC8000201406,2251,999,
3409,Lazy Window LLP,2024-01-10,STLC8000201185,2251,999,
3409,Lazy Window LLP,2024-01-10,STLC8000201945,2251,999,
3409,Lazy Window LLP,2024-01-10,STLC8000201701,2251,999,
3409,Lazy Window LLP,2024-01-10,STLC8000201548,2251,999,
3409,Lazy Window LLP,2024-01-10,STLC8000202184,2251,999,
3409,Lazy Window LLP,2024-01-10,STLC8000185973,2251,999,
3409,Lazy Window LLP,2024-01-10,412003364653,2251,999,
3409,Lazy Window LLP,2024-01-10,STLC8000200682,2251,999,
3409,Lazy Window LLP,2024-01-10,STLC8000200993,2251,999,
3409,Lazy Window LLP,2024-01-10,STLC8000201377,2251,999,
3409,Lazy Window LLP,2024-01-10,STLC8000201867,2251,999,
3409,Lazy Window LLP,2024-01-10,STLC8000201241,2251,999,
3409,Lazy Window LLP,2024-01-10,STLC8000202421,2251,999,
3409,Lazy Window LLP,2024-01-10,STLC8000202811,2251,999,
3409,Lazy Window LLP,2024-01-10,STLC8000196378,2251,999,
3409,Lazy Window LLP,2024-01-10,STLC8000201977,2251,999,
3409,Lazy Window LLP,2024-01-10,STLC8000201510,2251,999,
3409,Lazy Window LLP,2024-01-10,STLC8000201490,2251,999,
3409,Lazy Window LLP,2024-01-10,STLC8000201642,2251,999,
3409,Lazy Window LLP,2024-01-10,STLC8000202079,2251,999,
3409,Lazy Window LLP,2024-01-10,STLC8000200793,2251,999,
3409,Lazy Window LLP,2024-01-10,STLC8000202565,2251,999,
3409,Lazy Window LLP,2024-01-10,STLC8000202099,2251,999,
3409,Lazy Window LLP,2024-01-10,STLC8000189553,2251,999,
3409,Lazy Window LLP,2024-01-10,STLC8000201468,2251,999,
3409,Lazy Window LLP,2024-01-10,STLC8000202279,2251,999,
3409,Lazy Window LLP,2024-01-10,STLC8000202582,2251,999,
3409,Lazy Window LLP,2024-01-10,412003362270,2251,999,
3409,Lazy Window LLP,2024-01-10,STLC8000202656,2251,999,
3409,Lazy Window LLP,2024-01-10,STLC8000198416,2251,999,
3409,Lazy Window LLP,2024-01-10,STLC8000201336,2251,999,
3409,Lazy Window LLP,2024-01-10,STLC8000201996,2251,999,
3409,Lazy Window LLP,2024-01-10,412003365233,2251,999,
3409,Lazy Window LLP,2024-01-10,412003364527,2251,999,
3409,Lazy Window LLP,2024-01-10,STLC8000201564,2251,999,
3409,Lazy Window LLP,2024-01-10,412003365251,2251,999,
3409,Lazy Window LLP,2024-01-10,STLC8000202915,2251,999,
3409,Lazy Window LLP,2024-01-10,STLC8000203614,2251,999,
3409,Lazy Window LLP,2024-01-10,STLC8000202782,2251,999,
3409,Lazy Window LLP,2024-01-10,STLC8000203617,2251,999,
3409,Lazy Window LLP,2024-01-10,STLC8000200843,2251,999,
3409,Lazy Window LLP,2024-01-11,STLC8000203880,2251,999,
3409,Lazy Window LLP,2024-01-11,412003367431,2251,999,
3409,Lazy Window LLP,2024-01-11,STLC8000207473,2251,999,
3409,Lazy Window LLP,2024-01-11,STLC8000207409,2251,899,
3409,Lazy Window LLP,2024-01-11,STLC8000207803,2251,999,
3409,Lazy Window LLP,2024-01-11,STLC8000206789,2251,999,
3409,Lazy Window LLP,2024-01-11,412003367755,2251,999,
3409,Lazy Window LLP,2024-01-11,412003362724,2251,999,
3409,Lazy Window LLP,2024-01-11,412003367895,2251,999,
3409,Lazy Window LLP,2024-01-11,STLC8000208035,2251,999,
3409,Lazy Window LLP,2024-01-11,STLC8000207025,2251,999,
3409,Lazy Window LLP,2024-01-11,STLC8000204455,2251,999,
3409,Lazy Window LLP,2024-01-11,STLC8000202301,2251,999,
3409,Lazy Window LLP,2024-01-11,STLC8000171017,2251,999,
3409,Lazy Window LLP,2024-01-11,STLC8000206616,2251,999,
3409,Lazy Window LLP,2024-01-11,STLC8000207871,2251,999,
3409,Lazy Window LLP,2024-01-11,STLC8000206737,2251,999,
3409,Lazy Window LLP,2024-01-11,STLC8000204618,2251,999,
3409,Lazy Window LLP,2024-01-11,STLC8000204841,2251,999,
3409,Lazy Window LLP,2024-01-11,STLC8000207458,2251,999,
3409,Lazy Window LLP,2024-01-11,STLC8000208310,2251,999,
3409,Lazy Window LLP,2024-01-11,STLC8000205309,2251,999,
3409,Lazy Window LLP,2024-01-11,412003367948,2251,999,
3107,RS Traders,2024-01-09,STOC9000745960,2253,999,
3107,RS Traders,2024-01-09,SF913013277NIM,2253,999,
3107,RS Traders,2024-01-09,STOC9000745529,2253,999,
3107,RS Traders,2024-01-09,412003363025,2253,999,
3107,RS Traders,2024-01-09,STOC9000744283,2253,999,
3107,RS Traders,2024-01-09,STOC9000745834,2253,899,
3107,RS Traders,2024-01-09,STOC9000745122,2253,899,
3107,RS Traders,2024-01-09,412003362942,2253,899,
3107,RS Traders,2024-01-09,STOC9000742709,2253,899,
3107,RS Traders,2024-01-09,412003362675,2253,899,
3107,RS Traders,2024-01-09,STOC9000745349,2253,899,
3107,RS Traders,2024-01-09,STOC9000741632,2253,899,
3107,RS Traders,2024-01-09,STOC9000746655,2253,899,
3107,RS Traders,2024-01-09,STOC9000743733,2253,899,
3107,RS Traders,2024-01-09,STOC9000746883,2253,899,
3107,RS Traders,2024-01-09,STOC9000746053,2253,899,
3107,RS Traders,2024-01-09,STOC9000745047,2253,899,
3107,RS Traders,2024-01-09,STOC9000746312,2253,899,
3107,RS Traders,2024-01-09,412003363266,2253,899,
3107,RS Traders,2024-01-09,STOC9000745777,2253,899,
3107,RS Traders,2024-01-09,STOC9000746636,2253,899,
3107,RS Traders,2024-01-09,STOC9000746261,2253,899,
3107,RS Traders,2024-01-09,STOC9000744919,2253,899,
3107,RS Traders,2024-01-09,STOC9000745453,2253,899,
3107,RS Traders,2024-01-09,STOC9000744964,2253,899,
3107,RS Traders,2024-01-09,STOC9000746318,2253,899,
3107,RS Traders,2024-01-10,STOC9000744985,2253,899,
3107,RS Traders,2024-01-10,STOC9000746181,2253,899,
3107,RS Traders,2024-01-10,STOC9000746706,2253,899,
3107,RS Traders,2024-01-10,STOC9000741132,2253,899,
3107,RS Traders,2024-01-10,STOC9000735804,2253,899,
3107,RS Traders,2024-01-10,STOC9000747224,2253,899,
3107,RS Traders,2024-01-09,STOC9000746474,2253,899,
3273,KATYANI TRADERS,2024-01-09,STLC8000195767,2254,1299,
3273,KATYANI TRADERS,2024-01-09,80398292951,2254,599,
3273,KATYANI TRADERS,2024-01-09,80398293010,2254,599,
3273,KATYANI TRADERS,2024-01-09,80398293043,2254,599,
3273,KATYANI TRADERS,2024-01-09,80398293146,2254,599,
3273,KATYANI TRADERS,2024-01-09,80398293231,2254,599,
3273,KATYANI TRADERS,2024-01-09,80398293511,2254,599,
3273,KATYANI TRADERS,2024-01-09,80398293555,2254,599,
3273,KATYANI TRADERS,2024-01-09,80398293566,2254,599,
3273,KATYANI TRADERS,2024-01-09,80398293614,2254,599,
3273,KATYANI TRADERS,2024-01-09,80398293640,2254,599,
3273,KATYANI TRADERS,2024-01-09,80398293636,2254,599,
3273,KATYANI TRADERS,2024-01-09,80398293706,2254,599,
3273,KATYANI TRADERS,2024-01-09,80398293732,2254,599,
3273,KATYANI TRADERS,2024-01-09,80398293791,2254,599,
3273,KATYANI TRADERS,2024-01-09,80398293964,2254,599,
3273,KATYANI TRADERS,2024-01-09,80398294270,2254,599,
3273,KATYANI TRADERS,2024-01-09,80398294303,2254,599,
3273,KATYANI TRADERS,2024-01-09,80398294362,2254,599,
3273,KATYANI TRADERS,2024-01-09,80398294351,2254,599,
3273,KATYANI TRADERS,2024-01-09,80398294432,2254,599,
3273,KATYANI TRADERS,2024-01-09,80398294465,2254,599,
3273,KATYANI TRADERS,2024-01-09,80398360943,2254,599,
3273,KATYANI TRADERS,2024-01-09,80399083925,2254,599,
3273,KATYANI TRADERS,2024-01-09,80399083914,2254,599,
3273,KATYANI TRADERS,2024-01-09,80399083984,2254,599,
3273,KATYANI TRADERS,2024-01-09,80399084161,2254,599,
3273,KATYANI TRADERS,2024-01-09,80399084334,2254,599,
3273,KATYANI TRADERS,2024-01-10,80399227650,2254,599,
3273,KATYANI TRADERS,2024-01-10,80399227742,2254,599,
3273,KATYANI TRADERS,2024-01-10,80399228011,2254,599,
3273,KATYANI TRADERS,2024-01-09,80399228173,2254,599,
3273,KATYANI TRADERS,2024-01-09,80399228696,2254,599,
3273,KATYANI TRADERS,2024-01-09,80399229131,2254,599,
3273,KATYANI TRADERS,2024-01-09,80399229772,2254,599,
3273,KATYANI TRADERS,2024-01-09,80399229805,2254,599,
3273,KATYANI TRADERS,2024-01-09,80399230041,2254,599,
3273,KATYANI TRADERS,2024-01-09,80399230376,2254,599,
3273,KATYANI TRADERS,2024-01-09,80399230365,2254,599,
3273,KATYANI TRADERS,2024-01-09,80399230520,2254,599,
3273,KATYANI TRADERS,2024-01-09,80399230645,2254,599,
3273,KATYANI TRADERS,2024-01-09,80399230855,2254,599,
3273,KATYANI TRADERS,2024-01-10,80399321310,2254,599,
3380,M K STYLISH,2024-01-09,77882330234,2256,890.1,
3380,M K STYLISH,2024-01-09,SHBC7000146933,2256,939.55,
3380,M K STYLISH,2024-01-09,77882330315,2256,759.05,
3380,M K STYLISH,2024-01-09,77882330444,2256,799,
3380,M K STYLISH,2024-01-09,77882330466,2256,939.55,
3380,M K STYLISH,2024-01-09,77882330525,2256,759.05,
3380,M K STYLISH,2024-01-09,77882330540,2256,759.05,
3380,M K STYLISH,2024-01-09,77882330680,2256,939.55,
3380,M K STYLISH,2024-01-10,SHBC7000147079,2256,999,
3380,M K STYLISH,2024-01-09,77883057394,2256,759.05,
3380,M K STYLISH,2024-01-09,77883057416,2256,799,
3380,M K STYLISH,2024-01-09,77883057486,2256,759.05,
3380,M K STYLISH,2024-01-09,77883057464,2256,799,
3380,M K STYLISH,2024-01-09,77883057490,2256,719.1,
3380,M K STYLISH,2024-01-09,SHBC7000147559,2256,939.55,
3380,M K STYLISH,2024-01-09,77883057630,2256,799,
3380,M K STYLISH,2024-01-09,77883057615,2256,719.1,
3380,M K STYLISH,2024-01-09,77883057641,2256,989,
3380,M K STYLISH,2024-01-09,77883057663,2256,759.05,
3380,M K STYLISH,2024-01-09,77883057696,2256,759.05,
3380,M K STYLISH,2024-01-09,77883057733,2256,799,
3380,M K STYLISH,2024-01-09,77883057755,2256,939.55,
3380,M K STYLISH,2024-01-09,77883057781,2256,989,
3380,M K STYLISH,2024-01-09,77883057840,2256,759.05,
3380,M K STYLISH,2024-01-09,77883057906,2256,759.05,
3380,M K STYLISH,2024-01-09,77883057910,2256,759.05,
3380,M K STYLISH,2024-01-09,77883058046,2256,854.05,
3380,M K STYLISH,2024-01-09,77883058094,2256,759.05,
3380,M K STYLISH,2024-01-09,77883058142,2256,799,
3380,M K STYLISH,2024-01-09,77883058245,2256,759.05,
3380,M K STYLISH,2024-01-09,77883058234,2256,799,
3380,M K STYLISH,2024-01-09,77883058256,2256,719.1,
3380,M K STYLISH,2024-01-09,77883058282,2256,759.05,
3380,M K STYLISH,2024-01-09,77883058352,2256,1598,
3380,M K STYLISH,2024-01-09,77883058363,2256,799,
3380,M K STYLISH,2024-01-09,77883058396,2256,799,
3380,M K STYLISH,2024-01-09,77883058595,2256,719.1,
3380,M K STYLISH,2024-01-09,77883058735,2256,759.05,
3380,M K STYLISH,2024-01-09,77883058820,2256,759.05,
3380,M K STYLISH,2024-01-09,77883058853,2256,799,
3380,M K STYLISH,2024-01-09,77883058912,2256,759.05,
3380,M K STYLISH,2024-01-10,SHBC7000145466,2256,844.55,
3380,M K STYLISH,2024-01-10,77883285841,2256,799,
3380,M K STYLISH,2024-01-10,77883285896,2256,759.05,
3380,M K STYLISH,2024-01-10,77883285933,2256,719.1,
3380,M K STYLISH,2024-01-10,77883285981,2256,799,
3380,M K STYLISH,2024-01-10,77883285992,2256,759.05,
3380,M K STYLISH,2024-01-10,77883286014,2256,799,
3380,M K STYLISH,2024-01-10,77883286025,2256,759.05,
3380,M K STYLISH,2024-01-10,77883286062,2256,759.05,
3380,M K STYLISH,2024-01-10,77883286110,2256,759.05,
3380,M K STYLISH,2024-01-10,77883286154,2256,799,
3380,M K STYLISH,2024-01-10,77883286143,2256,759.05,
3380,M K STYLISH,2024-01-10,77883286165,2256,759.05,
3380,M K STYLISH,2024-01-10,77883286176,2256,799,
3380,M K STYLISH,2024-01-10,77883286191,2256,799,
3380,M K STYLISH,2024-01-10,77883286283,2256,799,
3380,M K STYLISH,2024-01-10,77883286294,2256,759.05,
3380,M K STYLISH,2024-01-10,77883286316,2256,759.05,
3380,M K STYLISH,2024-01-10,77883286320,2256,799,
3380,M K STYLISH,2024-01-10,77883289282,2256,939.55,
3380,M K STYLISH,2024-01-10,77883289271,2256,989,
3380,M K STYLISH,2024-01-11,77883836026,2256,719.1,
3380,M K STYLISH,2024-01-10,77883836041,2256,759.05,
3380,M K STYLISH,2024-01-10,77883836354,2256,759.05,
3380,M K STYLISH,2024-01-10,77883836343,2256,759.05,
3380,M K STYLISH,2024-01-10,77883836450,2256,799,
3380,M K STYLISH,2024-01-10,77883836494,2256,759.05,
3380,M K STYLISH,2024-01-10,77883836586,2256,799,
3380,M K STYLISH,2024-01-10,77883836752,2256,759.05,
3380,M K STYLISH,2024-01-10,77883836881,2256,999,
3380,M K STYLISH,2024-01-11,77884174981,2256,799,
3380,M K STYLISH,2024-01-11,77884175025,2256,799,
3380,M K STYLISH,2024-01-11,77884175106,2256,759.05,
3380,M K STYLISH,2024-01-11,77884175283,2256,759.05,
3565,Meet fashion,2024-01-09,STLC8000196817,2257,999,
3565,Meet fashion,2024-01-09,STLC8000195966,2257,999,
3565,Meet fashion,2024-01-09,STLC8000197847,2257,999,
3624,SARVAH PHARMA,2024-01-09,22679010825565,2260,799,
3624,SARVAH PHARMA,2024-01-09,23645417551095,2260,799,
3624,SARVAH PHARMA,2024-01-09,22679010822345,2260,799,
3624,SARVAH PHARMA,2024-01-09,22679010822334,2260,799,
3624,SARVAH PHARMA,2024-01-09,22679010822275,2260,799,
3624,SARVAH PHARMA,2024-01-09,22679010822264,2260,799,
3624,SARVAH PHARMA,2024-01-10,22679010879966,2260,799,
3624,SARVAH PHARMA,2024-01-09,22679010879756,2260,799,
3675,QUICK SHOP,2024-01-09,STLC8000197008,2265,999,
3506,AASHIRWAD AUTO INDUSTRIES,2024-01-09,22679010870542,2267,999,
3506,AASHIRWAD AUTO INDUSTRIES,2024-01-09,77883293740,2267,999,
